Overcooked! 2,https://ec.nintendo.com/HK/zh/titles/70010000033098,× 1 ～ 4,HKD 196,HKD 49
Little Nightmares Complete Edition,https://ec.nintendo.com/HK/zh/titles/70010000009448,× 1,HKD 199,HKD 48
《NBA 2K22》,https://ec.nintendo.com/HK/zh/titles/70010000041052,× 1 ～ 4,HKD 468,HKD 74
FIFA 22 Nintendo Switch™ Legacy Edition,https://ec.nintendo.com/HK/zh/titles/70010000038673,× 1 ～ 4,HKD 319,HKD 79
Spiritfarer®,https://ec.nintendo.com/HK/zh/titles/70010000020666,× 1 ～ 2,HKD 129,HKD 42
火影忍者疾風傳 終極風暴4 慕留人傳,https://ec.nintendo.com/HK/zh/titles/70010000016050,× 1 ～ 2,HKD 399,HKD 148
Moving Out,https://ec.nintendo.com/HK/zh/titles/70010000029910,× 1 ～ 4,HKD 193,HKD 48
《Unravel Two》,https://ec.nintendo.com/HK/zh/titles/70010000015567,× 1 ～ 2,HKD 239,HKD 40
Moto Rush GT,https://ec.nintendo.com/HK/zh/titles/70010000035529,× 1,HKD 120,HKD 10
移探救境 Georifters,https://ec.nintendo.com/HK/zh/titles/70010000031312,× 1 ～ 4,HKD 230,HKD 10
《Just Dance 舞力全開 2022》- 豪華版 (Just Dance 2022 Deluxe Edition),https://ec.nintendo.com/HK/zh/bundles/70070000013208,× 1 ～ 6,HKD 463,HKD 208
Lacuna,https://ec.nintendo.com/HK/zh/titles/70010000048599,× 1,HKD 75,HKD 15
Dragon's Dogma: Dark Arisen,https://ec.nintendo.com/HK/zh/titles/70010000018691,× 1,HKD 228,HKD 75
Encodya,https://ec.nintendo.com/HK/zh/titles/70010000040676,× 1,HKD 120,HKD 12
《極速快感™超熱力追緝》重製版 (Need for Speed™ Hot Pursuit Remastered),https://ec.nintendo.com/HK/zh/titles/70010000029277,× 1,HKD 319,HKD 63
ONE PIECE 海賊無雙4,https://ec.nintendo.com/HK/zh/titles/70010000018442,× 1 ～ 2,HKD 509,HKD 188
太鼓之達人 Nintendo Switch版！,https://ec.nintendo.com/HK/zh/titles/70010000011790,× 1 ～ 4,HKD 429,HKD 198
Figment,https://ec.nintendo.com/HK/zh/titles/70010000039725,× 1,HKD 149,HKD 14
Resident Evil 6,https://ec.nintendo.com/HK/zh/titles/70010000015879,× 1 ～ 2,HKD 156,HKD 78
MONSTER HUNTER RISE,https://ec.nintendo.com/HK/zh/titles/70010000029013,× 1,HKD 468,HKD 238
一起五子棋,https://ec.nintendo.com/HK/zh/titles/70010000048412,× 1 ～ 2,HKD 22,HKD 15
宵星傳奇 REMASTER,https://ec.nintendo.com/HK/zh/titles/70010000013581,× 1 ～ 4,HKD 399,HKD 88
《暗黑破壞神®》萬惡之源珍藏組合,https://ec.nintendo.com/HK/zh/bundles/70070000012643,,HKD 469,HKD 281
KAMEN RIDER 巔峰亂鬥,https://ec.nintendo.com/HK/zh/titles/70010000015172,× 1 ～ 4,HKD 449,HKD 48
《暗黑破壞神®II：獄火重生™》（Diablo® II: Resurrected™）,https://ec.nintendo.com/HK/zh/titles/70010000038817,× 1,HKD 311,HKD 186
《暗黑破壞神 III》永恆典藏版 (Diablo III: Eternal Collection),https://ec.nintendo.com/HK/zh/titles/70010000012304,× 1 ～ 4,HKD 465,HKD 231
末日方舟 Delivery from the Pain,https://ec.nintendo.com/HK/zh/titles/70010000048795,× 1,HKD 79,HKD 55
超級機器人大戰Ｔ,https://ec.nintendo.com/HK/zh/titles/70010000015667,× 1,HKD 559,HKD 148
Resident Evil Revelations 2,https://ec.nintendo.com/HK/zh/titles/70010000049894,× 1 ～ 2,HKD 156,HKD 62
嘛逗離咔-魔法房租-,https://ec.nintendo.com/HK/zh/titles/70010000014209,× 1,HKD 110,HKD 60
《文明帝國VI》,https://ec.nintendo.com/HK/zh/titles/70010000014595,× 1,HKD 238,HKD 71
Neon Abyss,https://ec.nintendo.com/HK/zh/titles/70010000032960,× 1,HKD 139,HKD 69
Crown Trick,https://ec.nintendo.com/HK/zh/titles/70010000033486,× 1,HKD 109,HKD 32
Overcooked! 2 - Gourmet Edition,https://ec.nintendo.com/HK/zh/bundles/70070000010913,× 1 ～ 4,HKD 354,HKD 88
MONSTER HUNTER RISE 豪華版,https://ec.nintendo.com/HK/zh/bundles/70070000011159,× 1,HKD 543,HKD 276
Overcooked! All You Can Eat,https://ec.nintendo.com/HK/zh/titles/70010000037361,× 1 ～ 4,HKD 275,HKD 137
resident evil 4,https://ec.nintendo.com/HK/zh/titles/70010000012857,× 1,HKD 156,HKD 78
The Sinking City：豪華典藏版,https://ec.nintendo.com/HK/zh/bundles/70070000009581,× 1,HKD 510,HKD 76
The Survivalists,https://ec.nintendo.com/HK/zh/titles/70010000032628,× 1,HKD 196,HKD 49
BILLIARD,https://ec.nintendo.com/HK/zh/titles/70010000029651,× 1 ～ 2,HKD 50,HKD 12
Sky Games 天空遊戲,https://ec.nintendo.com/HK/zh/titles/70010000048537,× 1 ～ 4,HKD 119,HKD 17
Urban Flow,https://ec.nintendo.com/HK/zh/titles/70010000036221,× 1 ～ 4,HKD 120,HKD 10
小老鼠百科全書 + 在葉子下,https://ec.nintendo.com/HK/zh/bundles/70070000013533,,HKD 189,HKD 18
S.N.I.P.E.R - Hunter Scope (S.N.I.P.E.R. 獵人範圍),https://ec.nintendo.com/HK/zh/titles/70010000036220,× 1,HKD 110,HKD 10
《花之靈》（Hoa）,https://ec.nintendo.com/HK/zh/titles/70010000045281,× 1,HKD 79,HKD 47
《席德·梅爾的文明帝國VI 典藏版》,https://ec.nintendo.com/HK/zh/bundles/70070000012601,× 1,HKD 548,HKD 219
聖女戰旗,https://ec.nintendo.com/HK/zh/titles/70010000027454,× 1,HKD 118,HKD 59
Worms Rumble,https://ec.nintendo.com/HK/zh/titles/70010000037691,× 1,HKD 108,HKD 27
《植物大戰殭屍™: 和睦小鎮保衛戰》完整版,https://ec.nintendo.com/HK/zh/titles/70010000027857,× 1,HKD 319,HKD 118
Among Us,https://ec.nintendo.com/HK/zh/titles/70010000039104,× 1,HKD 38,HKD 28
Resident Evil 5,https://ec.nintendo.com/HK/zh/titles/70010000015875,× 1 ～ 2,HKD 156,HKD 78
對不起，我是個NPC,https://ec.nintendo.com/HK/zh/titles/70010000037295,× 1,HKD 26,HKD 23
祕館疑蹤2 Heaven Dust 2,https://ec.nintendo.com/HK/zh/titles/70010000038607,× 1,HKD 58,HKD 39
狄神探,https://ec.nintendo.com/HK/zh/titles/70010000047620,× 1,HKD 99,HKD 10
Deadly Days,https://ec.nintendo.com/HK/zh/titles/70010000029667,× 1,HKD 80,HKD 20
高考戀愛一百天～Gaokao.Love.100Days～,https://ec.nintendo.com/HK/zh/titles/70010000036798,× 1,HKD 49,HKD 33
Pizza Bar Tycoon- 披薩吧大亨 豪華版,https://ec.nintendo.com/HK/zh/bundles/70070000014223,× 1,HKD 49,HKD 14
Deedlit in Wonder Labyrinth (蒂德莉特的奇境迷宮冒險),https://ec.nintendo.com/HK/zh/titles/70010000046027,× 1,HKD 109,HKD 76
哆啦A夢 牧場物語,https://ec.nintendo.com/HK/zh/titles/70010000019943,× 1,HKD 419,HKD 98
Mad Father《狂父》,https://ec.nintendo.com/HK/zh/titles/70010000035382,× 1,HKD 52,HKD 31
Dungeon Nightmares 1+2 Collection,https://ec.nintendo.com/HK/zh/titles/70010000037602,× 1,HKD 125,HKD 12
Grand Theft Auto：三部曲 – 最終版,https://ec.nintendo.com/HK/zh/bundles/70070000013216,,HKD 468,HKD 313
骰子地下城,https://ec.nintendo.com/HK/zh/titles/70010000028410,× 1,HKD 135,HKD 33
大家一起閱讀空氣。2 ～令和～,https://ec.nintendo.com/HK/zh/titles/70010000031985,× 1 ～ 2,HKD 39,HKD 29
Death Road to Canada,https://ec.nintendo.com/HK/zh/titles/70010000013979,× 1 ～ 4,HKD 118,HKD 35
真人快打11終極版,https://ec.nintendo.com/HK/zh/bundles/70070000011265,× 1 ～ 2,HKD 468,HKD 187
Resident Evil,https://ec.nintendo.com/HK/zh/titles/70010000012853,× 1,HKD 156,HKD 78
Roof Rage,https://ec.nintendo.com/HK/zh/titles/70010000025308,× 1 ～ 8,HKD 118,HKD 28
泰拉瑞亞,https://ec.nintendo.com/HK/zh/titles/70010000023876,× 1,HKD 278,HKD 139
Shakes on a Plane,https://ec.nintendo.com/HK/zh/titles/70010000034078,× 1 ～ 4,HKD 85,HKD 10
NBA 2K 熱血街球場2,https://ec.nintendo.com/HK/zh/titles/70010000013729,× 1 ～ 4,HKD 248,HKD 62
Gang Beasts,https://ec.nintendo.com/HK/zh/titles/70010000033940,× 1 ～ 4,HKD 159,HKD 111
XCOM 2 典藏合輯,https://ec.nintendo.com/HK/zh/titles/70010000025495,× 1,HKD 398,HKD 79
Resident Evil 0,https://ec.nintendo.com/HK/zh/titles/70010000012849,× 1,HKD 156,HKD 78
THE Card: Poker, Texas hold 'em, Blackjack and Page One,https://ec.nintendo.com/HK/zh/titles/70010000029368,× 1,HKD 36,HKD 14
《鬥陣特攻》傳奇版,https://ec.nintendo.com/HK/zh/titles/70010000023458,× 1,HKD 314,HKD 157
King of Seas,https://ec.nintendo.com/HK/zh/titles/70010000039590,× 1,HKD 195,HKD 78
Fight'N Rage,https://ec.nintendo.com/HK/zh/titles/70010000028686,× 1 ～ 3,HKD 148,HKD 58
WHAT THE GOLF?,https://ec.nintendo.com/HK/zh/titles/70010000048117,× 1 ～ 2,HKD 89,HKD 44
殺戮的天使 (Angels of Death),https://ec.nintendo.com/HK/zh/titles/70010000040262,× 1,HKD 76,HKD 45
憶戀～Reverse Memories～,https://ec.nintendo.com/HK/zh/titles/70010000042456,× 1,HKD 32,HKD 21
She Sees Red - Interactive Movie,https://ec.nintendo.com/HK/zh/titles/70010000028638,× 1,HKD 70,HKD 19
天使帝國Ⅳ,https://ec.nintendo.com/HK/zh/titles/70010000039065,× 1,HKD 158,HKD 78
斬妖Raksasi,https://ec.nintendo.com/HK/zh/titles/70010000036774,× 1,HKD 108,HKD 75
Blue Rider,https://ec.nintendo.com/HK/zh/titles/70010000011583,× 1,HKD 78,HKD 15
Valfaris,https://ec.nintendo.com/HK/zh/titles/70010000023027,× 1,HKD 178,HKD 48
The Men of Yoshiwara: Ohgiya,https://ec.nintendo.com/HK/zh/titles/70010000029789,× 1,HKD 117,HKD 58
巴克·布蘭得利2,https://ec.nintendo.com/HK/zh/titles/70010000050078,× 1,HKD 57,HKD 10
非常普通的鹿 鹿頂記之弱小的鹿總是受欺負 (DEEEER Simulator),https://ec.nintendo.com/HK/zh/titles/70010000041512,× 1 ～ 2,HKD 89,HKD 53
映夢,https://ec.nintendo.com/HK/zh/titles/70010000032878,× 1,HKD 78,HKD 39
Back to Bed,https://ec.nintendo.com/HK/zh/titles/70010000019031,× 1,HKD 38,HKD 15
釣魚天堂,https://ec.nintendo.com/HK/zh/titles/70010000048252,× 1,HKD 100,HKD 90
Klondike Solitaire - 接龍,https://ec.nintendo.com/HK/zh/titles/70010000037592,× 1,HKD 70,HKD 10
LEGO® DC 超級反派豪華版,https://ec.nintendo.com/HK/zh/bundles/70070000010034,× 1 ～ 2,HKD 545,HKD 130
守護者傳奇(Legend of Keepers),https://ec.nintendo.com/HK/zh/titles/70010000041214,× 1,HKD 89,HKD 44
劍與骨頭,https://ec.nintendo.com/HK/zh/titles/70010000048694,× 1,HKD 59,HKD 10
Capcom Arcade Stadium Packs 1-3套裝,https://ec.nintendo.com/HK/zh/bundles/70070000011575,× 1 ～ 4,HKD 312,HKD 156
體感嘉年華,https://ec.nintendo.com/HK/zh/titles/70010000012684,× 1 ～ 4,HKD 318,HKD 79
Classic Games Collection Vol.1 - 經典遊戲集vol. 1,https://ec.nintendo.com/HK/zh/titles/70010000037178,× 1 ～ 2,HKD 40,HKD 10
Crazy Trucks,https://ec.nintendo.com/HK/zh/titles/70010000046496,× 1 ～ 4,HKD 129,HKD 19
Stealth 隱身,https://ec.nintendo.com/HK/zh/titles/70010000036805,× 1 ～ 2,HKD 38,HKD 11
PICROSS S7,https://ec.nintendo.com/HK/zh/titles/70010000045834,× 1 ～ 2,HKD 79,HKD 55
騎士與單車,https://ec.nintendo.com/HK/zh/titles/70010000044230,× 1 ～ 2,HKD 89,HKD 44
金屬元素：死亡金屬之死亡競賽！,https://ec.nintendo.com/HK/zh/titles/70010000050147,× 1 ～ 4,HKD 108,HKD 16
聖女之歌 ZERO Episode 1,https://ec.nintendo.com/HK/zh/titles/70010000011722,× 1,HKD 102,HKD 51
《橫衝直撞：狂飆樂園》重製版,https://ec.nintendo.com/HK/zh/titles/70010000027022,× 1,HKD 239,HKD 78
幽鈴蘭～Lily of the Hollow - Resurrection～,https://ec.nintendo.com/HK/zh/titles/70010000036530,× 1,HKD 32,HKD 21
Spider Solitaire 蜘蛛紙牌,https://ec.nintendo.com/HK/zh/titles/70010000044029,× 1,HKD 82,HKD 10
Hello Neighbor,https://ec.nintendo.com/HK/zh/titles/70010000010713,× 1,HKD 309,HKD 77
LEGO® 超人特攻隊,https://ec.nintendo.com/HK/zh/titles/70010000010701,× 1 ～ 2,HKD 429,HKD 85
豪斯托裡亞,https://ec.nintendo.com/HK/zh/titles/70010000045652,× 1,HKD 99,HKD 10
LiEat,https://ec.nintendo.com/HK/zh/titles/70010000041495,× 1,HKD 52,HKD 31
蠟燭人 Candleman,https://ec.nintendo.com/HK/zh/titles/70010000037306,× 1,HKD 82,HKD 57
Capcom Belt Action Collection,https://ec.nintendo.com/HK/zh/titles/70010000008902,× 1 ～ 4,HKD 228,HKD 114
Monster Hunter Stories 2: 破滅之翼,https://ec.nintendo.com/HK/zh/titles/70010000016891,× 1,HKD 468,HKD 234
Banners of Ruin,https://ec.nintendo.com/HK/zh/titles/70010000040692,× 1,HKD 89,HKD 44
Monster Hunter Stories 2: 破滅之翼 豪華版,https://ec.nintendo.com/HK/zh/bundles/70070000012174,× 1,HKD 543,HKD 271
邊緣禁地傳奇合輯,https://ec.nintendo.com/HK/zh/bundles/70070000010705,× 1 ～ 2,HKD 398,HKD 159
七龍珠Z 卡卡洛特 + 新覺醒篇 數位終極版,https://ec.nintendo.com/HK/zh/bundles/70070000012846,× 1,HKD 579,HKD 348
Worms Rumble - Digital Deluxe Edition,https://ec.nintendo.com/HK/zh/bundles/70070000012213,× 1,HKD 161,HKD 40
Secret Neighbor,https://ec.nintendo.com/HK/zh/titles/70010000038706,× 1,HKD 155,HKD 78
THE 密室解碼 ～牽動命運的35道謎團～,https://ec.nintendo.com/HK/zh/titles/70010000039247,× 1,HKD 149,HKD 74
王牌釣手 Nintendo Switch版,https://ec.nintendo.com/HK/zh/titles/70010000016823,× 1 ～ 4,HKD 399,HKD 148
網路協定,https://ec.nintendo.com/HK/zh/titles/70010000048952,× 1 ～ 4,HKD 79,HKD 10
滅魂·誤佳期,https://ec.nintendo.com/HK/zh/titles/70010000036796,× 1,HKD 39,HKD 24
Zumba Aqua,https://ec.nintendo.com/HK/zh/titles/70010000045727,× 1,HKD 20,HKD 13
暴走大鵝,https://ec.nintendo.com/HK/zh/titles/70010000039155,× 1 ～ 2,HKD 89,HKD 44
Mega Man 11,https://ec.nintendo.com/HK/zh/titles/70010000011229,× 1,HKD 228,HKD 78
Food Truck Tycoon,https://ec.nintendo.com/HK/zh/titles/70010000036348,× 1,HKD 40,HKD 10
Baby Storm (寶寶鬧翻天),https://ec.nintendo.com/HK/zh/titles/70010000049835,× 1 ～ 4,HKD 149,HKD 74
LEGO® Harry Potter™ Collection,https://ec.nintendo.com/HK/zh/titles/70010000013535,× 1 ～ 2,HKD 388,HKD 174
PICROSS S MEGA DRIVE & Master System edition,https://ec.nintendo.com/HK/zh/titles/70010000042754,× 1 ～ 2,HKD 79,HKD 55
Devil May Cry 3 Special Edition,https://ec.nintendo.com/HK/zh/titles/70010000017210,× 1 ～ 2,HKD 156,HKD 93
Burger Chef Tycoon 漢堡廚師大亨 完整版,https://ec.nintendo.com/HK/zh/bundles/70070000013274,× 1,HKD 56,HKD 10
MISTOVER,https://ec.nintendo.com/HK/zh/titles/70010000022227,× 1,HKD 179,HKD 107
Among Pipes,https://ec.nintendo.com/HK/zh/titles/70010000039553,× 1,HKD 69,HKD 10
LEGO® Marvel™超級英雄,https://ec.nintendo.com/HK/zh/titles/70010000026608,× 1 ～ 2,HKD 312,HKD 137
Ni no Kuni™ II: Revenant Kingdom PRINCE'S EDITION,https://ec.nintendo.com/HK/zh/titles/70010000037237,× 1,HKD 479,HKD 248
瑪拉的夏天,https://ec.nintendo.com/HK/zh/titles/70010000040482,× 1,HKD 190,HKD 104
PICROSS S,https://ec.nintendo.com/HK/zh/titles/70010000030033,× 1 ～ 2,HKD 59,HKD 41
Street Basketball - 街頭籃球,https://ec.nintendo.com/HK/zh/titles/70010000037176,× 1 ～ 2,HKD 50,HKD 10
終結降臨 (Death Come True),https://ec.nintendo.com/HK/zh/titles/70010000029792,× 1,HKD 123,HKD 86
翻轉棋 Let's Go,https://ec.nintendo.com/HK/zh/titles/70010000038527,× 1 ～ 2,HKD 32,HKD 22
The Survivalists - Deluxe Edition,https://ec.nintendo.com/HK/zh/bundles/70070000011210,× 1,HKD 205,HKD 82
PGA TOUR 2K21,https://ec.nintendo.com/HK/zh/titles/70010000028539,× 1 ～ 4,HKD 429,HKD 107
Royal Tower Defense,https://ec.nintendo.com/HK/zh/titles/70010000039904,× 1,HKD 75,HKD 10
妖詩～Youkai Poetry～,https://ec.nintendo.com/HK/zh/titles/70010000041302,× 1,HKD 32,HKD 21
專業版 體操運動員 模擬器,https://ec.nintendo.com/HK/zh/titles/70010000049605,× 1,HKD 162,HKD 40
巴龍飛行,https://ec.nintendo.com/HK/zh/titles/70010000051766,× 1,HKD 47,HKD 10
KnightOut,https://ec.nintendo.com/HK/zh/titles/70010000051580,× 1 ～ 4,HKD 117,HKD 81
博雷亞爾 特內佈雷,https://ec.nintendo.com/HK/zh/titles/70010000046449,× 1,HKD 49,HKD 10
15in1 Solitaire,https://ec.nintendo.com/HK/zh/titles/70010000044764,× 1,HKD 20,HKD 16
森久城物語,https://ec.nintendo.com/HK/zh/titles/70010000047326,× 1,HKD 99,HKD 59
SELF 自己,https://ec.nintendo.com/HK/zh/titles/70010000027716,× 1,HKD 45,HKD 22
THE Card Battle: Eternal Destiny,https://ec.nintendo.com/HK/zh/titles/70010000041501,× 1,HKD 129,HKD 64
LEGO® 侏羅紀世界,https://ec.nintendo.com/HK/zh/titles/70010000022316,× 1 ～ 2,HKD 312,HKD 109
Golf With Your Friends,https://ec.nintendo.com/HK/zh/titles/70010000035634,× 1 ～ 12,HKD 154,HKD 38
Gangsta Paradise,https://ec.nintendo.com/HK/zh/titles/70010000040036,× 1 ～ 2,HKD 99,HKD 15
ABC Match with Me,https://ec.nintendo.com/HK/zh/titles/70010000050998,× 1,HKD 99,HKD 15
真人快打11,https://ec.nintendo.com/HK/zh/titles/70010000018077,× 1 ～ 2,HKD 388,HKD 128
熊先生的餐廳,https://ec.nintendo.com/HK/zh/titles/70010000041017,× 1,HKD 100,HKD 75
Mega Man Zero/ZX Legacy Collection,https://ec.nintendo.com/HK/zh/titles/70010000016861,× 1 ～ 2,HKD 228,HKD 114
Hentai vs. Evil,https://ec.nintendo.com/HK/zh/titles/70010000037459,× 1,HKD 78,HKD 45
Poker Pretty Girls Battle: Fantasy World Edition,https://ec.nintendo.com/HK/zh/titles/70010000039829,× 1,HKD 45,HKD 28
大胃王爵士 (Sir Eatsalot),https://ec.nintendo.com/HK/zh/titles/70010000025648,× 1,HKD 98,HKD 15
Floating Farmer,https://ec.nintendo.com/HK/zh/titles/70010000049336,× 1,HKD 20,HKD 16
Pancake Bar Tycoon - 鬆餅餐車大亨,https://ec.nintendo.com/HK/zh/titles/70010000037907,× 1,HKD 40,HKD 10
Xeno Crisis,https://ec.nintendo.com/HK/zh/titles/70010000029244,× 1 ～ 2,HKD 148,HKD 48
Xeno Crisis,https://ec.nintendo.com/HK/zh/titles/70010000029244,× 1 ～ 2,HKD 148,HKD 48
Lines Frenzy 線瘋狂,https://ec.nintendo.com/HK/zh/titles/70010000043236,× 1 ～ 2,HKD 45,HKD 10
The Great Ace Attorney Chronicles,https://ec.nintendo.com/HK/zh/titles/70010000024291,× 1,HKD 312,HKD 202
小蟲,https://ec.nintendo.com/HK/zh/titles/70010000046439,× 1,HKD 99,HKD 10
星際萌熊 + 無熊DLC,https://ec.nintendo.com/HK/zh/bundles/70070000013327,× 1 ～ 4,HKD 70,HKD 28
用節奏學英語 BeatTalk,https://ec.nintendo.com/HK/zh/titles/70010000039406,× 1,HKD 135,HKD 85
Zoo Dentist,https://ec.nintendo.com/HK/zh/titles/70010000041713,× 1,HKD 99,HKD 15
鬼來信 : 恐怖視覺小說,https://ec.nintendo.com/HK/zh/titles/70010000017458,× 1,HKD 148,HKD 99
WWE 2K殺戮戰場,https://ec.nintendo.com/HK/zh/titles/70010000021707,× 1 ～ 4,HKD 279,HKD 111
Trigger Witch,https://ec.nintendo.com/HK/zh/titles/70010000038559,× 1 ～ 2,HKD 110,HKD 65
Green Phoenix 綠鳳,https://ec.nintendo.com/HK/zh/titles/70010000046901,× 1,HKD 28,HKD 16
Devious Dungeon 2,https://ec.nintendo.com/HK/zh/titles/70010000019325,× 1,HKD 68,HKD 10
Freecell Solitaire Deluxe 自由接龍豪華版,https://ec.nintendo.com/HK/zh/titles/70010000044058,× 1,HKD 83,HKD 10
Kawaii Deathu Desu,https://ec.nintendo.com/HK/zh/titles/70010000022658,× 1 ～ 2,HKD 38,HKD 10
AnimaLudo,https://ec.nintendo.com/HK/zh/titles/70010000042289,× 1 ～ 4,HKD 69,HKD 10
ABC Follow Me: 動物,https://ec.nintendo.com/HK/zh/titles/70010000050369,× 1,HKD 99,HKD 15
Scribblenauts Mega Pack,https://ec.nintendo.com/HK/zh/titles/70010000010816,× 1 ～ 2,HKD 312,HKD 62
Freshly Frosted,https://ec.nintendo.com/HK/zh/titles/70010000054184,× 1,HKD 52,HKD 46
Sense - 不祥的預感: A Cyberpunk Ghost Story,https://ec.nintendo.com/HK/zh/titles/70010000022666,× 1,HKD 148,HKD 48
Waifu Uncovered,https://ec.nintendo.com/HK/zh/titles/70010000029572,× 1 ～ 2,HKD 50,HKD 25
Mindcell,https://ec.nintendo.com/HK/zh/titles/70010000048062,× 1,HKD 40,HKD 25
The Good Life: 欠債女王與世界第一幸福的小鎮,https://ec.nintendo.com/HK/zh/titles/70010000043800,× 1,HKD 176,HKD 123
Ludomania,https://ec.nintendo.com/HK/zh/titles/70010000011743,× 1 ～ 4,HKD 23,HKD 10
Ultra Age,https://ec.nintendo.com/HK/zh/titles/70010000025089,× 1,HKD 238,HKD 119
廚師的尾巴 Chef's Tail,https://ec.nintendo.com/HK/zh/titles/70010000052938,× 1,HKD 85,HKD 72
別敲兩次門,https://ec.nintendo.com/HK/zh/titles/70010000014202,× 1,HKD 98,HKD 49
Smoots Summer Games,https://ec.nintendo.com/HK/zh/titles/70010000022342,× 1 ～ 4,HKD 78,HKD 25
Ultra Age,https://ec.nintendo.com/HK/zh/titles/70010000025089,× 1,HKD 238,HKD 119
Jump King,https://ec.nintendo.com/HK/zh/titles/70010000033778,× 1,HKD 133,HKD 73
密室的祭品／ABYSS OF THE SACRIFICE,https://ec.nintendo.com/HK/zh/titles/70010000033526,× 1,HKD 296,HKD 148
Pretty Girls Panic! PLUS,https://ec.nintendo.com/HK/zh/titles/70010000040619,× 1,HKD 45,HKD 30
超然,https://ec.nintendo.com/HK/zh/titles/70010000046123,× 1 ～ 4,HKD 79,HKD 10
Gunlord X,https://ec.nintendo.com/HK/zh/titles/70010000023369,× 1,HKD 78,HKD 23
Discolored 無彩世界,https://ec.nintendo.com/HK/zh/titles/70010000034362,× 1,HKD 75,HKD 37
Capcom Arcade Stadium Pack 3: 街機進化期(’92 – ’01),https://ec.nintendo.com/HK/zh/bundles/70070000011578,× 1 ～ 4,HKD 116,HKD 78
環無窮大,https://ec.nintendo.com/HK/zh/titles/70010000044664,× 1,HKD 79,HKD 10
沒有名字的綜合症：未探索的切爾諾貝利 "S.W.A.N.: Chernobyl Unexplored",https://ec.nintendo.com/HK/zh/titles/70010000053463,× 1,HKD 99,HKD 84
Rogue Heroes: Ruins of Tasos,https://ec.nintendo.com/HK/zh/titles/70010000037075,× 1 ～ 4,HKD 139,HKD 55
幕末恋華新選組 (幕末戀華新選組),https://ec.nintendo.com/HK/zh/titles/70010000036053,× 1,HKD 336,HKD 168
Sweet Bakery Tycoon 甜蜜麵包屋大亨,https://ec.nintendo.com/HK/zh/titles/70010000038680,× 1,HKD 40,HKD 10
犬塚 - 欺騙的追逐 豪華版,https://ec.nintendo.com/HK/zh/bundles/70070000014050,× 1,HKD 66,HKD 10
Mini Gardens,https://ec.nintendo.com/HK/zh/titles/70010000053510,× 1,HKD 20,HKD 16
Mega Man Legacy Collection 2,https://ec.nintendo.com/HK/zh/titles/70010000010134,× 1 ～,HKD 208,HKD 62
經典回歸 魔界村,https://ec.nintendo.com/HK/zh/titles/70010000022554,× 1 ～ 2,HKD 228,HKD 152
Taxi Chaos 酷飆計程車,https://ec.nintendo.com/HK/zh/titles/70010000037156,× 1,HKD 308,HKD 215
《樂高®小城：臥底密探》[LEGO® CITY Undercover],https://ec.nintendo.com/HK/zh/titles/70010000050979,× 1 ～ 2,HKD 312,HKD 249
Onimusha: Warlords,https://ec.nintendo.com/HK/zh/titles/70010000014924,× 1,HKD 248,HKD 99
PICROSS S2,https://ec.nintendo.com/HK/zh/titles/70010000010139,× 1 ～ 2,HKD 69,HKD 48
The Bug Butcher,https://ec.nintendo.com/HK/zh/titles/70010000011233,× 1 ～ 2,HKD 58,HKD 25
煉金對決 (Alchemic Jousts),https://ec.nintendo.com/HK/zh/titles/70010000009875,× 1 ～ 2,HKD 78,HKD 10
樂高玩電影2遊戲,https://ec.nintendo.com/HK/zh/titles/70010000013358,× 1 ～ 2,HKD 312,HKD 78
Never Again,https://ec.nintendo.com/HK/zh/titles/70010000032631,× 1,HKD 98,HKD 38
Totally Reliable Delivery Service Deluxe Edition,https://ec.nintendo.com/HK/zh/bundles/70070000012719,× 1 ～ 2,HKD 189,HKD 95
《Crash Bandicoot™ 4: It’s About Time》,https://ec.nintendo.com/HK/zh/titles/70010000036331,× 1 ～ 4,HKD 312,HKD 234
Arrog 塵歸塵,https://ec.nintendo.com/HK/zh/titles/70010000036340,× 1,HKD 29,HKD 19
Capcom Arcade Stadium Pack 2: 街機全盛期(’89 – ’92),https://ec.nintendo.com/HK/zh/bundles/70070000011577,× 1 ～ 4,HKD 116,HKD 78
Bishoujo Battle Mahjong Solitaire,https://ec.nintendo.com/HK/zh/titles/70010000037561,× 1,HKD 45,HKD 28
All in Casino Girls,https://ec.nintendo.com/HK/zh/titles/70010000046393,× 1,HKD 39,HKD 10
Mega Man Legacy Collection,https://ec.nintendo.com/HK/zh/titles/70010000013161,× 1,HKD 208,HKD 62
PICROSS S3,https://ec.nintendo.com/HK/zh/titles/70010000030031,× 1 ～ 2,HKD 79,HKD 55
歐利歐利世界 (OlliOlli World),https://ec.nintendo.com/HK/zh/titles/70010000028265,× 1,HKD 234,HKD 187
Red Wings: Coloring Planes Bundle,https://ec.nintendo.com/HK/zh/bundles/70070000014113,× 1,HKD 39,HKD 27
LEGO® DC 超級反派,https://ec.nintendo.com/HK/zh/titles/70010000013222,× 1 ～ 2,HKD 429,HKD 107
Tony Hawk's™ Pro Skater™  1 + 2 - 數位豪華版,https://ec.nintendo.com/HK/zh/bundles/70070000011851,× 1 ～ 2,HKD 388,HKD 194
The Legend of Ninja,https://ec.nintendo.com/HK/zh/titles/70010000044399,× 1,HKD 49,HKD 10
寶石巫師戰術,https://ec.nintendo.com/HK/zh/titles/70010000048552,× 1,HKD 99,HKD 10
PICROSS S4,https://ec.nintendo.com/HK/zh/titles/70010000028783,× 1 ～ 2,HKD 79,HKD 55
The Casino -Roulette, Video Poker, Slot Machines, Craps, Baccarat-,https://ec.nintendo.com/HK/zh/titles/70010000034928,× 1,HKD 74,HKD 37
PICROSS S5,https://ec.nintendo.com/HK/zh/titles/70010000035106,× 1 ～ 2,HKD 79,HKD 55
Pretty Girls Klondike Solitaire,https://ec.nintendo.com/HK/zh/titles/70010000039834,× 1,HKD 48,HKD 30
Wife Quest,https://ec.nintendo.com/HK/zh/titles/70010000040254,× 1,HKD 58,HKD 48
PICROSS S6,https://ec.nintendo.com/HK/zh/titles/70010000038347,× 1 ～ 2,HKD 79,HKD 55
Wife Quest,https://ec.nintendo.com/HK/zh/titles/70010000040254,× 1,HKD 58,HKD 48
PICROSS S6,https://ec.nintendo.com/HK/zh/titles/70010000038347,× 1 ～ 2,HKD 79,HKD 55
Kosmonavtes: Escape Reality,https://ec.nintendo.com/HK/zh/titles/70010000043558,× 1,HKD 30,HKD 10
Lotus Bloom,https://ec.nintendo.com/HK/zh/titles/70010000044019,× 1,HKD 20,HKD 10
Panmorphia,https://ec.nintendo.com/HK/zh/titles/70010000046236,× 1,HKD 50,HKD 10
Pretty Girls Speed,https://ec.nintendo.com/HK/zh/titles/70010000052518,× 1,HKD 45,HKD 36
LEGO® 旋風忍者®大電影遊戲 [The LEGO® NINJAGO® Movie Videogame],https://ec.nintendo.com/HK/zh/titles/70010000050983,× 1 ～ 4,HKD 312,HKD 249
Scribblenauts Showdown,https://ec.nintendo.com/HK/zh/titles/70010000028996,× 1 ～ 4,HKD 312,HKD 62
Quest Hunter,https://ec.nintendo.com/HK/zh/titles/70010000019461,× 1 ～ 4,HKD 229,HKD 68
極限凸起 萌情水晶 H (英文版),https://ec.nintendo.com/HK/zh/titles/70010000029522,× 1,HKD 298,HKD 148
Metaloid: Origin,https://ec.nintendo.com/HK/zh/titles/70010000031912,× 1,HKD 50,HKD 18
Macrotis: A Mother's Journey,https://ec.nintendo.com/HK/zh/titles/70010000028141,× 1,HKD 85,HKD 40
Wanna Survive: 活屍戰棋,https://ec.nintendo.com/HK/zh/titles/70010000039272,× 1,HKD 100,HKD 50
Super Magbot,https://ec.nintendo.com/HK/zh/titles/70010000040421,× 1,HKD 134,HKD 33
Fantasy Checkers,https://ec.nintendo.com/HK/zh/titles/70010000040995,× 1 ～ 2,HKD 75,HKD 10
Aliens Drive Me Crazy 令人瘋狂的外星人,https://ec.nintendo.com/HK/zh/titles/70010000045353,× 1,HKD 45,HKD 22
廢料任務,https://ec.nintendo.com/HK/zh/titles/70010000046444,× 1,HKD 79,HKD 10
雷蛇：納米的戰爭,https://ec.nintendo.com/HK/zh/titles/70010000046926,× 1,HKD 79,HKD 10
LEGO® Worlds,https://ec.nintendo.com/HK/zh/titles/70010000050977,× 1 ～ 2,HKD 312,HKD 249
LEGO® 漫威超級英雄 2 [LEGO® Marvel Super Heroes 2],https://ec.nintendo.com/HK/zh/titles/70010000050975,× 1 ～ 4,HKD 388,HKD 310
Devil May Cry,https://ec.nintendo.com/HK/zh/titles/70010000017203,× 1,HKD 156,HKD 78
Alien: Isolation,https://ec.nintendo.com/HK/zh/titles/70010000020817,× 1,HKD 279,HKD 139
Synergia,https://ec.nintendo.com/HK/zh/titles/70010000022665,× 1,HKD 118,HKD 45
Salad Bar Tycoon 沙拉餐車大亨 : 擴展版,https://ec.nintendo.com/HK/zh/bundles/70070000013940,× 1,HKD 48,HKD 20
Disney 魔法城堡 我的快樂生活2: Enchanted Edition,https://ec.nintendo.com/HK/zh/titles/70010000037713,× 1,HKD 339,HKD 198
Colorfall,https://ec.nintendo.com/HK/zh/titles/70010000040275,× 1,HKD 39,HKD 10
DoDonPachi Resurrection（怒首領蜂大復活）,https://ec.nintendo.com/HK/zh/titles/70010000046175,× 1 ～ 2,HKD 159,HKD 127
Checkers for Kids,https://ec.nintendo.com/HK/zh/titles/70010000043018,× 1 ～ 2,HKD 99,HKD 15
Make the Burger,https://ec.nintendo.com/HK/zh/titles/70010000046572,× 1,HKD 29,HKD 18
奧瓦的遺產 Alwa's Legacy,https://ec.nintendo.com/HK/zh/titles/70010000048743,× 1,HKD 142,HKD 99
Kosmonavtes: Academy Escape,https://ec.nintendo.com/HK/zh/titles/70010000047586,× 1,HKD 50,HKD 10
《Fe》,https://ec.nintendo.com/HK/zh/titles/70010000027360,× 1,HKD 159,HKD 63
Devil May Cry 2,https://ec.nintendo.com/HK/zh/titles/70010000017204,× 1,HKD 156,HKD 78
Super Jumpy Ball,https://ec.nintendo.com/HK/zh/titles/70010000049341,× 1 ～ 8,HKD 29,HKD 20
Circuits,https://ec.nintendo.com/HK/zh/titles/70010000027165,× 1,HKD 38,HKD 15
◎古蹟之謎◎ Creature in the Well,https://ec.nintendo.com/HK/zh/titles/70010000042982,× 1,HKD 135,HKD 88
Tony Hawk's™ Pro Skater™ 1 + 2,https://ec.nintendo.com/HK/zh/titles/70010000039357,× 1 ～ 2,HKD 311,HKD 155
Kids Play 形狀拼圖,https://ec.nintendo.com/HK/zh/titles/70010000039540,× 1,HKD 60,HKD 30
Fall Gummies,https://ec.nintendo.com/HK/zh/titles/70010000043857,× 1,HKD 69,HKD 10
Timelie,https://ec.nintendo.com/HK/zh/titles/70010000049045,× 1,HKD 159,HKD 143
The Serpent Rogue,https://ec.nintendo.com/HK/zh/titles/70010000051763,× 1,HKD 150,HKD 112
CATch the Stars,https://ec.nintendo.com/HK/zh/titles/70010000047011,× 1,HKD 20,HKD 13
Spacewing War,https://ec.nintendo.com/HK/zh/titles/70010000048993,× 1,HKD 50,HKD 40
Galactic Wars EX,https://ec.nintendo.com/HK/zh/titles/70010000052260,× 1 ～ 2,HKD 50,HKD 40
Blow & Fly,https://ec.nintendo.com/HK/zh/titles/70010000051817,× 1,HKD 38,HKD 30
Moorhuhn Remake,https://ec.nintendo.com/HK/zh/titles/70010000043061,× 1 ～ 4,HKD 65,HKD 45
Snake vs Snake,https://ec.nintendo.com/HK/zh/titles/70010000012602,× 1 ～ 6,HKD 40,HKD 28
Pinstripe《地獄救援》,https://ec.nintendo.com/HK/zh/titles/70010000029428,× 1,HKD 98,HKD 49
CASE: Animatronics,https://ec.nintendo.com/HK/zh/titles/70010000034230,× 1,HKD 78,HKD 30
殘酷樂隊生涯 Cruel Bands Career,https://ec.nintendo.com/HK/zh/titles/70010000036768,× 1,HKD 23,HKD 16
Kids Play 拼圖：動物、車輛等等,https://ec.nintendo.com/HK/zh/titles/70010000039486,× 1,HKD 60,HKD 30
《Lost in Random™》,https://ec.nintendo.com/HK/zh/titles/70010000033061,× 1,HKD 239,HKD 119
《暴雪®遊樂場典藏系列》Blizzard® Arcade Collection,https://ec.nintendo.com/HK/zh/titles/70010000037077,× 1 ～ 4,HKD 159,HKD 79
Espgaluda II,https://ec.nintendo.com/HK/zh/titles/70010000044463,× 1 ～ 2,HKD 159,HKD 127
Rogue Explorer,https://ec.nintendo.com/HK/zh/titles/70010000040599,× 1,HKD 60,HKD 30
Dragon Hills (潛龍山丘),https://ec.nintendo.com/HK/zh/titles/70010000045584,× 1,HKD 74,HKD 37
Treasure Temples,https://ec.nintendo.com/HK/zh/titles/70010000048497,× 1,HKD 45,HKD 36
Memories of East Coast,https://ec.nintendo.com/HK/zh/titles/70010000045993,× 1,HKD 38,HKD 25
晃動的鐘擺,https://ec.nintendo.com/HK/zh/titles/70010000047893,× 1,HKD 79,HKD 10
Neversong《永無歌》,https://ec.nintendo.com/HK/zh/titles/70010000029241,× 1,HKD 128,HKD 64
Shinsekai Into the Depths™,https://ec.nintendo.com/HK/zh/titles/70010000026632,× 1,HKD 156,HKD 109
They Bleed Pixels,https://ec.nintendo.com/HK/zh/titles/70010000028526,× 1,HKD 118,HKD 17
Pachi Pachi On a Roll,https://ec.nintendo.com/HK/zh/titles/70010000035869,× 1,HKD 54,HKD 20
Bishoujo Battle Cyber Panic!,https://ec.nintendo.com/HK/zh/titles/70010000037556,× 1,HKD 45,HKD 28
HIX: Puzzle Islands,https://ec.nintendo.com/HK/zh/titles/70010000042898,× 1,HKD 69,HKD 34
Storm Tale 2,https://ec.nintendo.com/HK/zh/titles/70010000048492,× 1,HKD 155,HKD 46
The Wake 浪痕：回憶密碼,https://ec.nintendo.com/HK/zh/titles/70010000048530,× 1,HKD 28,HKD 19
潑濺 Splatter,https://ec.nintendo.com/HK/zh/titles/70010000046187,× 1,HKD 38,HKD 11
魚女巫萬聖節(FishWitch Halloween),https://ec.nintendo.com/HK/zh/titles/70010000047284,× 1,HKD 155,HKD 46
Day of the Dead: Solitaire Collection,https://ec.nintendo.com/HK/zh/titles/70010000048487,× 1,HKD 155,HKD 46
BigChick,https://ec.nintendo.com/HK/zh/titles/70010000050048,× 1,HKD 39,HKD 19
ABC Search With Me,https://ec.nintendo.com/HK/zh/titles/70010000052093,× 1,HKD 99,HKD 15
Total Arcade Racing,https://ec.nintendo.com/HK/zh/titles/70010000042202,× 1 ～ 8,HKD 79,HKD 55
Sky Racket,https://ec.nintendo.com/HK/zh/titles/70010000027200,× 1 ～ 2,HKD 76,HKD 22
Working Zombies,https://ec.nintendo.com/HK/zh/titles/70010000029217,× 1 ～ 4,HKD 149,HKD 104
Angry Alligator 憤怒鱷魚,https://ec.nintendo.com/HK/zh/titles/70010000043639,× 1,HKD 268,HKD 134
白虎隊(Byakko-tai Samurai Boys),https://ec.nintendo.com/HK/zh/titles/70010000036973,× 1,HKD 144,HKD 72
攝追赤紅末世代 特別版,https://ec.nintendo.com/HK/zh/titles/70010000040176,× 1,HKD 120,HKD 96
庫里塔多：機關之塔,https://ec.nintendo.com/HK/zh/titles/70010000045366,× 1,HKD 132,HKD 92
Super Cable Boy《超級電源線男孩》,https://ec.nintendo.com/HK/zh/titles/70010000040193,× 1 ～ 2,HKD 106,HKD 64
Dragon Hills 2 (潛龍山丘2),https://ec.nintendo.com/HK/zh/titles/70010000045862,× 1,HKD 115,HKD 57
Splash Cars,https://ec.nintendo.com/HK/zh/titles/70010000045889,× 1 ～ 4,HKD 48,HKD 35
Thunder Kid: Hunt for the Robot Emperor,https://ec.nintendo.com/HK/zh/titles/70010000045967,× 1,HKD 54,HKD 35
Panmorphia: Enchanted,https://ec.nintendo.com/HK/zh/titles/70010000046945,× 1,HKD 30,HKD 10
hocus 2,https://ec.nintendo.com/HK/zh/titles/70010000047902,× 1,HKD 40,HKD 20
比特奧查德 動物谷,https://ec.nintendo.com/HK/zh/titles/70010000051596,× 1,HKD 59,HKD 10
普盧根,https://ec.nintendo.com/HK/zh/titles/70010000050132,× 1,HKD 29,HKD 10
Moorhuhn Wanted,https://ec.nintendo.com/HK/zh/titles/70010000043063,× 1,HKD 65,HKD 45
Stellar Interface,https://ec.nintendo.com/HK/zh/titles/70010000015753,× 1,HKD 113,HKD 93
Narita Boy,https://ec.nintendo.com/HK/zh/titles/70010000037911,× 1,HKD 169,HKD 67
Speed 3: Grand Prix 風掣雷行 3,https://ec.nintendo.com/HK/zh/titles/70010000037352,× 1 ～ 2,HKD 308,HKD 184
Mushihimesama,https://ec.nintendo.com/HK/zh/titles/70010000027459,× 1 ～ 2,HKD 159,HKD 127
Slide Stars 滑行之星,https://ec.nintendo.com/HK/zh/titles/70010000037358,× 1 ～ 2,HKD 238,HKD 95
公主壁櫥,https://ec.nintendo.com/HK/zh/titles/70010000028619,× 1,HKD 199,HKD 99
Perfect Traffic Simulator,https://ec.nintendo.com/HK/zh/titles/70010000044234,× 1,HKD 99,HKD 15
變化男朋友（My Bewitching Perfume）,https://ec.nintendo.com/HK/zh/titles/70010000030734,× 1,HKD 144,HKD 72
Kids Play 動物卡片遊戲 卡片配對遊戲,https://ec.nintendo.com/HK/zh/titles/70010000039533,× 1 ～ 4,HKD 60,HKD 30
Traditional Tactics Ne+,https://ec.nintendo.com/HK/zh/titles/70010000052791,× 1,HKD 129,HKD 64
鑽石女孩（Diamond Girl ★An Earnest Education in Love★）,https://ec.nintendo.com/HK/zh/titles/70010000032505,× 1,HKD 144,HKD 72
夢鳥懷舊(Yumemidori Nostalgia),https://ec.nintendo.com/HK/zh/titles/70010000035289,× 1,HKD 144,HKD 72
Knight's Retreat 西洋棋拼圖: 騎士的撤退,https://ec.nintendo.com/HK/zh/titles/70010000045724,× 1,HKD 60,HKD 39
Crawlco Block Knockers,https://ec.nintendo.com/HK/zh/titles/70010000034247,× 1,HKD 68,HKD 28
Capcom Arcade Stadium Pack 1: 街機黎明期(’84 – ’88),https://ec.nintendo.com/HK/zh/bundles/70070000011576,× 1 ～ 4,HKD 116,HKD 78
